zscore_range,count_negative,avg_median_improvement,min_median_improvement,max_median_improvement,avg_pct_improving,avg_pct_getting_slower
Above Average (0.5 ≤ z < 1.0),32,-0.9617187500000074,-5.70999999999998,-0.0199999999999995,40.01331405442155,59.85670095415478
Top 6.7% (1.5 ≤ z < 2.0),30,-0.9143333333333409,-4.470000000000027,0.0150000000000005,40.75838072876706,58.72808052240008
Top 15.9% (1.0 ≤ z < 1.5),26,-0.6315384615384664,-2.6200000000000045,0.0150000000000005,40.530899027131,59.23514138407071
Top 2.5% (z ≥ 2.0),24,-0.5137500000000014,-3.680000000000007,0.009999999999998,39.54674208302304,60.155638869357915
Below Average (-0.5 ≤ z < 0),19,-0.8439473684210532,-5.085000000000036,-0.0499999999999829,42.23216396975752,57.68686437032345
Average (0 ≤ z < 0.5),18,-1.3824999999999994,-10.34499999999997,-0.0699999999999931,41.7439321750815,58.01160188896319
Lower (-1.0 ≤ z < -0.5),13,-0.8453846153846147,-2.424999999999983,0.015000000000004,41.30250082180151,58.144849213783814
Bottom 15.9% (z < -1.0),10,-0.5999999999999961,-2.1399999999999864,-0.0500000000000006,42.153609590261425,57.84639040973858
